hotspot_id,timestamp,filt_thermal16,filt_thermal8,filt_color,x_pos,y_pos,thumb_left,thumb_top,thumb_right,thumb_bottom,hotspot_type,species_id
79687,20160422013008.239GMT,CHESS_FL12_C_160422_013008.239_THERM-16BIT.PNG,CHESS_FL12_C_160422_013008.239_THERM-8-BIT.JPG,CHESS_FL12_C_160422_013008.239_COLOR-8-BIT.JPG,219,305,1587,2429,2099,2941,Animal,Ringed Seal
251058,20160421221919.771GMT,CHESS_FL12_P_160421_221919.771_THERM-16BIT.PNG,CHESS_FL12_P_160421_221919.771_THERM-8-BIT.JPG,CHESS_FL12_P_160421_221919.771_COLOR-8-BIT.JPG,199,175,1384,774,1896,1286,Animal,Ringed Seal
251103,20160421223157.260GMT,CHESS_FL12_P_160421_223157.260_THERM-16BIT.PNG,CHESS_FL12_P_160421_223157.260_THERM-8-BIT.JPG,CHESS_FL12_P_160421_223158.048_COLOR-8-BIT.JPG,204,77,1297,2516,1809,3028,Animal,Ringed Seal
251130,20160421225219.212GMT,CHESS_FL12_P_160421_225219.212_THERM-16BIT.PNG,CHESS_FL12_P_160421_225219.212_THERM-8-BIT.JPG,CHESS_FL12_P_160421_225219.212_COLOR-8-BIT.JPG,130,279,710,1874,1222,2386,Animal,Ringed Seal
251342,20160422013526.567GMT,CHESS_FL12_P_160422_013526.567_THERM-16BIT.PNG,CHESS_FL12_P_160422_013526.567_THERM-8-BIT.JPG,CHESS_FL12_P_160422_013527.290_COLOR-8-BIT.JPG,95,55,193,1888,705,2400,Animal,Ringed Seal
78399,20160421223302.753GMT,CHESS_FL12_S_160421_223302.753_THERM-16BIT.PNG,CHESS_FL12_S_160421_223302.753_THERM-8-BIT.JPG,CHESS_FL12_S_160421_223302.753_COLOR-8-BIT.JPG,598,216,6000,1442,6512,1954,Animal,Ringed Seal
78457,20160421233729.884GMT,CHESS_FL12_S_160421_233729.884_THERM-16BIT.PNG,CHESS_FL12_S_160421_233729.884_THERM-8-BIT.JPG,CHESS_FL12_S_160421_233729.884_COLOR-8-BIT.JPG,355,359,3227,2923,3739,3435,Animal,Ringed Seal
78548,20160422013607.071GMT,CHESS_FL12_S_160422_013607.071_THERM-16BIT.PNG,CHESS_FL12_S_160422_013607.071_THERM-8-BIT.JPG,CHESS_FL12_S_160422_013607.071_COLOR-8-BIT.JPG,25,434,-82,3924,430,4436,Animal,Ringed Seal
332305,20160423002136.774GMT,CHESS_FL13_P_160423_002136.774_THERM-16BIT.PNG,CHESS_FL13_P_160423_002136.774_THERM-8-BIT.JPG,CHESS_FL13_P_160423_002136.774_COLOR-8-BIT.JPG,276,186,2240,687,2752,1199,Animal,Ringed Seal
8417,20160425210727.885GMT,CHESS_FL15_S_160425_210727.885_THERM-16BIT.PNG,CHESS_FL15_S_160425_210727.885_THERM-8-BIT.JPG,CHESS_FL15_S_160425_210727.885_COLOR-8-BIT.JPG,120,340,984,2484,1496,2996,Animal,Ringed Seal
8418,20160425210727.885GMT,CHESS_FL15_S_160425_210727.885_THERM-16BIT.PNG,CHESS_FL15_S_160425_210727.885_THERM-8-BIT.JPG,CHESS_FL15_S_160425_210727.885_COLOR-8-BIT.JPG,116,369,914,2784,1426,3296,Animal,Ringed Seal
332455,20160429230743.064GMT,CHESS_FL16_P_160429_230743.064_THERM-16BIT.PNG,CHESS_FL16_P_160429_230743.064_THERM-8-BIT.JPG,CHESS_FL16_P_160429_230743.064_COLOR-8-BIT.JPG,266,129,2545,498,3057,1010,Animal,Ringed Seal
192763,20160511213008.136GMT,CHESS_FL20_C_160511_213008.136_THERM-16BIT.PNG,CHESS_FL20_C_160511_213008.136_THERM-8-BIT.JPG,CHESS_FL20_C_160511_213008.136_COLOR-8-BIT.JPG,612,406,6012,3143,6524,3655,Animal,Bearded Seal
193709,20160511231450.364GMT,CHESS_FL20_P_160511_231450.364_THERM-16BIT.PNG,CHESS_FL20_P_160511_231450.364_THERM-8-BIT.JPG,CHESS_FL20_P_160511_231450.364_COLOR-8-BIT.JPG,186,193,1689,1311,2201,1823,Animal,Ringed Seal
192241,20160511235800.688GMT,CHESS_FL20_S_160511_235800.688_THERM-16BIT.PNG,CHESS_FL20_S_160511_235800.688_THERM-8-BIT.JPG,CHESS_FL20_S_160511_235800.688_COLOR-8-BIT.JPG,362,449,3445,3968,3957,4480,Animal,Ringed Seal
85440,20160517005934.974GMT,CHESS_FL22_C_160517_005934.974_THERM-16BIT.PNG,CHESS_FL22_C_160517_005934.974_THERM-8-BIT.JPG,CHESS_FL22_C_160517_005934.974_COLOR-8-BIT.JPG,563,360,5320,2900,5832,3412,Animal,Ringed Seal
86371,20160517020915.558GMT,CHESS_FL22_C_160517_020915.558_THERM-16BIT.PNG,CHESS_FL22_C_160517_020915.558_THERM-8-BIT.JPG,CHESS_FL22_C_160517_020915.558_COLOR-8-BIT.JPG,465,217,4270,1114,4782,1626,Animal,Ringed Seal
86370,20160517020915.558GMT,CHESS_FL22_C_160517_020915.558_THERM-16BIT.PNG,CHESS_FL22_C_160517_020915.558_THERM-8-BIT.JPG,CHESS_FL22_C_160517_020915.558_COLOR-8-BIT.JPG,466,211,4276,1054,4788,1566,Animal,Ringed Seal
86402,20160517021649.319GMT,CHESS_FL22_C_160517_021649.319_THERM-16BIT.PNG,CHESS_FL22_C_160517_021649.319_THERM-8-BIT.JPG,CHESS_FL22_C_160517_021649.319_COLOR-8-BIT.JPG,275,318,2138,2778,2650,3290,Animal,Ringed Seal
83328,20160516225856.582GMT,CHESS_FL22_P_160516_225856.582_THERM-16BIT.PNG,CHESS_FL22_P_160516_225856.582_THERM-8-BIT.JPG,CHESS_FL22_P_160516_225857.120_COLOR-8-BIT.JPG,81,77,745,1732,1257,2244,Animal,Ringed Seal
83368,20160517005155.875GMT,CHESS_FL22_P_160517_005155.875_THERM-16BIT.PNG,CHESS_FL22_P_160517_005155.875_THERM-8-BIT.JPG,CHESS_FL22_P_160517_005155.875_COLOR-8-BIT.JPG,38,194,-32,1053,480,1565,Animal,Bearded Seal
83593,20160517011555.011GMT,CHESS_FL22_P_160517_011555.011_THERM-16BIT.PNG,CHESS_FL22_P_160517_011555.011_THERM-8-BIT.JPG,CHESS_FL22_P_160517_011555.011_COLOR-8-BIT.JPG,401,117,3997,223,4509,735,Animal,Ringed Seal
84207,20160517014023.553GMT,CHESS_FL22_P_160517_014023.553_THERM-16BIT.PNG,CHESS_FL22_P_160517_014023.553_THERM-8-BIT.JPG,CHESS_FL22_P_160517_014023.553_COLOR-8-BIT.JPG,288,292,2791,2142,3303,2654,Animal,Bearded Seal
84641,20160517021039.129GMT,CHESS_FL22_P_160517_021039.129_THERM-16BIT.PNG,CHESS_FL22_P_160517_021039.129_THERM-8-BIT.JPG,CHESS_FL22_P_160517_021039.651_COLOR-8-BIT.JPG,114,45,811,1508,1323,2020,Animal,Ringed Seal
84775,20160517024213.179GMT,CHESS_FL22_P_160517_024213.179_THERM-16BIT.PNG,CHESS_FL22_P_160517_024213.179_THERM-8-BIT.JPG,CHESS_FL22_P_160517_024213.179_COLOR-8-BIT.JPG,81,164,498,847,1010,1359,Animal,Ringed Seal
81068,20160517004811.850GMT,CHESS_FL22_S_160517_004811.850_THERM-16BIT.PNG,CHESS_FL22_S_160517_004811.850_THERM-8-BIT.JPG,CHESS_FL22_S_160517_004811.850_COLOR-8-BIT.JPG,242,502,2132,4116,2644,4628,Animal,Bearded Seal
81292,20160517010739.686GMT,CHESS_FL22_S_160517_010739.686_THERM-16BIT.PNG,CHESS_FL22_S_160517_010739.686_THERM-8-BIT.JPG,CHESS_FL22_S_160517_010739.686_COLOR-8-BIT.JPG,235,131,2054,208,2566,720,Animal,Ringed Seal
82246,20160517014153.871GMT,CHESS_FL22_S_160517_014153.871_THERM-16BIT.PNG,CHESS_FL22_S_160517_014153.871_THERM-8-BIT.JPG,CHESS_FL22_S_160517_014153.871_COLOR-8-BIT.JPG,291,237,2657,1742,3169,2254,Animal,Ringed Seal
82401,20160517014719.442GMT,CHESS_FL22_S_160517_014719.442_THERM-16BIT.PNG,CHESS_FL22_S_160517_014719.442_THERM-8-BIT.JPG,CHESS_FL22_S_160517_014719.442_COLOR-8-BIT.JPG,73,116,844,803,1356,1315,Animal,Ringed Seal
82611,20160517020214.962GMT,CHESS_FL22_S_160517_020214.962_THERM-16BIT.PNG,CHESS_FL22_S_160517_020214.962_THERM-8-BIT.JPG,CHESS_FL22_S_160517_020214.962_COLOR-8-BIT.JPG,0,0,3175,1893,3687,2405,Animal,Ringed Seal
82676,20160517020923.212GMT,CHESS_FL22_S_160517_020923.212_THERM-16BIT.PNG,CHESS_FL22_S_160517_020923.212_THERM-8-BIT.JPG,CHESS_FL22_S_160517_020923.212_COLOR-8-BIT.JPG,190,197,1196,1461,1708,1973,Animal,Ringed Seal
82714,20160517021351.067GMT,CHESS_FL22_S_160517_021351.067_THERM-16BIT.PNG,CHESS_FL22_S_160517_021351.067_THERM-8-BIT.JPG,CHESS_FL22_S_160517_021351.067_COLOR-8-BIT.JPG,115,239,1283,1708,1795,2220,Animal,Ringed Seal
83051,20160517025531.158GMT,CHESS_FL22_S_160517_025531.158_THERM-16BIT.PNG,CHESS_FL22_S_160517_025531.158_THERM-8-BIT.JPG,CHESS_FL22_S_160517_025531.158_COLOR-8-BIT.JPG,239,258,2072,1928,2584,2440,Animal,Ringed Seal
83052,20160517025531.158GMT,CHESS_FL22_S_160517_025531.158_THERM-16BIT.PNG,CHESS_FL22_S_160517_025531.158_THERM-8-BIT.JPG,CHESS_FL22_S_160517_025531.158_COLOR-8-BIT.JPG,275,181,2326,1106,2838,1618,Animal,Ringed Seal
197329,20160517205649.611GMT,CHESS_FL23_C_160517_205649.611_THERM-16BIT.PNG,CHESS_FL23_C_160517_205649.611_THERM-8-BIT.JPG,CHESS_FL23_C_160517_205649.611_COLOR-8-BIT.JPG,177,219,1178,1313,1690,1825,Animal,Ringed Seal
197331,20160517205659.827GMT,CHESS_FL23_C_160517_205659.827_THERM-16BIT.PNG,CHESS_FL23_C_160517_205659.827_THERM-8-BIT.JPG,CHESS_FL23_C_160517_205659.827_COLOR-8-BIT.JPG,599,256,5656,2052,6168,2564,Animal,Ringed Seal
197335,20160517205733.871GMT,CHESS_FL23_C_160517_205733.871_THERM-16BIT.PNG,CHESS_FL23_C_160517_205733.871_THERM-8-BIT.JPG,CHESS_FL23_C_160517_205733.871_COLOR-8-BIT.JPG,208,138,1456,847,1968,1359,Animal,Ringed Seal
197365,20160517210340.256GMT,CHESS_FL23_C_160517_210340.256_THERM-16BIT.PNG,CHESS_FL23_C_160517_210340.256_THERM-8-BIT.JPG,CHESS_FL23_C_160517_210340.256_COLOR-8-BIT.JPG,363,338,3155,2603,3667,3115,Animal,Ringed Seal
197451,20160517211132.184GMT,CHESS_FL23_C_160517_211132.184_THERM-16BIT.PNG,CHESS_FL23_C_160517_211132.184_THERM-8-BIT.JPG,CHESS_FL23_C_160517_211132.184_COLOR-8-BIT.JPG,101,434,286,3877,798,4389,Animal,Bearded Seal
197562,20160517212345.676GMT,CHESS_FL23_C_160517_212345.676_THERM-16BIT.PNG,CHESS_FL23_C_160517_212345.676_THERM-8-BIT.JPG,CHESS_FL23_C_160517_212345.676_COLOR-8-BIT.JPG,239,433,1780,3572,2292,4084,Animal,Ringed Seal
197570,20160517212414.769GMT,CHESS_FL23_C_160517_212414.769_THERM-16BIT.PNG,CHESS_FL23_C_160517_212414.769_THERM-8-BIT.JPG,CHESS_FL23_C_160517_212414.769_COLOR-8-BIT.JPG,171,131,1137,629,1649,1141,Animal,Bearded Seal
197828,20160517214554.598GMT,CHESS_FL23_C_160517_214554.598_THERM-16BIT.PNG,CHESS_FL23_C_160517_214554.598_THERM-8-BIT.JPG,CHESS_FL23_C_160517_214554.598_COLOR-8-BIT.JPG,521,168,4650,716,5162,1228,Animal,Bearded Seal
198045,20160517223209.044GMT,CHESS_FL23_C_160517_223209.044_THERM-16BIT.PNG,CHESS_FL23_C_160517_223209.044_THERM-8-BIT.JPG,CHESS_FL23_C_160517_223209.044_COLOR-8-BIT.JPG,101,452,411,3779,923,4291,Animal,Bearded Seal
198044,20160517223209.044GMT,CHESS_FL23_C_160517_223209.044_THERM-16BIT.PNG,CHESS_FL23_C_160517_223209.044_THERM-8-BIT.JPG,CHESS_FL23_C_160517_223209.044_COLOR-8-BIT.JPG,38,394,-292,3362,220,3874,Animal,Bearded Seal
198043,20160517223209.044GMT,CHESS_FL23_C_160517_223209.044_THERM-16BIT.PNG,CHESS_FL23_C_160517_223209.044_THERM-8-BIT.JPG,CHESS_FL23_C_160517_223209.044_COLOR-8-BIT.JPG,80,432,216,3564,728,4076,Animal,Bearded Seal
198075,20160517223832.548GMT,CHESS_FL23_C_160517_223832.548_THERM-16BIT.PNG,CHESS_FL23_C_160517_223832.548_THERM-8-BIT.JPG,CHESS_FL23_C_160517_223832.548_COLOR-8-BIT.JPG,405,428,3692,3373,4204,3885,Animal,Bearded Seal
87050,20160517234214.406GMT,CHESS_FL23_C_160517_234214.406_THERM-16BIT.PNG,CHESS_FL23_C_160517_234214.406_THERM-8-BIT.JPG,CHESS_FL23_C_160517_234215.064_COLOR-8-BIT.JPG,283,38,2365,3088,2877,3600,Animal,Ringed Seal
87243,20160517235000.080GMT,CHESS_FL23_C_160517_235000.080_THERM-16BIT.PNG,CHESS_FL23_C_160517_235000.080_THERM-8-BIT.JPG,CHESS_FL23_C_160517_235000.080_COLOR-8-BIT.JPG,493,279,4534,2095,5046,2607,Animal,Bearded Seal
87244,20160517235000.080GMT,CHESS_FL23_C_160517_235000.080_THERM-16BIT.PNG,CHESS_FL23_C_160517_235000.080_THERM-8-BIT.JPG,CHESS_FL23_C_160517_235000.080_COLOR-8-BIT.JPG,465,255,4258,1848,4770,2360,Animal,Bearded Seal
87242,20160517235000.080GMT,CHESS_FL23_C_160517_235000.080_THERM-16BIT.PNG,CHESS_FL23_C_160517_235000.080_THERM-8-BIT.JPG,CHESS_FL23_C_160517_235000.080_COLOR-8-BIT.JPG,234,249,1790,1805,2302,2317,Animal,Bearded Seal
87310,20160517235313.667GMT,CHESS_FL23_C_160517_235313.667_THERM-16BIT.PNG,CHESS_FL23_C_160517_235313.667_THERM-8-BIT.JPG,CHESS_FL23_C_160517_235313.667_COLOR-8-BIT.JPG,614,400,6218,2981,6730,3493,Animal,Ringed Seal
87783,20160518002318.396GMT,CHESS_FL23_C_160518_002318.396_THERM-16BIT.PNG,CHESS_FL23_C_160518_002318.396_THERM-8-BIT.JPG,CHESS_FL23_C_160518_002318.396_COLOR-8-BIT.JPG,181,175,1291,1033,1803,1545,Animal,Ringed Seal
198601,20160518012747.660GMT,CHESS_FL23_C_160518_012747.660_THERM-16BIT.PNG,CHESS_FL23_C_160518_012747.660_THERM-8-BIT.JPG,CHESS_FL23_C_160518_012747.660_COLOR-8-BIT.JPG,616,190,5782,585,6294,1097,Animal,Bearded Seal
198602,20160518012747.660GMT,CHESS_FL23_C_160518_012747.660_THERM-16BIT.PNG,CHESS_FL23_C_160518_012747.660_THERM-8-BIT.JPG,CHESS_FL23_C_160518_012747.660_COLOR-8-BIT.JPG,583,236,5419,1065,5931,1577,Animal,Bearded Seal
89440,20160517205242.931GMT,CHESS_FL23_P_160517_205242.931_THERM-16BIT.PNG,CHESS_FL23_P_160517_205242.931_THERM-8-BIT.JPG,CHESS_FL23_P_160517_205242.931_COLOR-8-BIT.JPG,63,124,241,169,753,681,Animal,Ringed Seal
89566,20160517210943.023GMT,CHESS_FL23_P_160517_210943.023_THERM-16BIT.PNG,CHESS_FL23_P_160517_210943.023_THERM-8-BIT.JPG,CHESS_FL23_P_160517_210943.023_COLOR-8-BIT.JPG,447,165,4320,957,4832,1469,Animal,Ringed Seal
89630,20160517211502.228GMT,CHESS_FL23_P_160517_211502.228_THERM-16BIT.PNG,CHESS_FL23_P_160517_211502.228_THERM-8-BIT.JPG,CHESS_FL23_P_160517_211502.228_COLOR-8-BIT.JPG,450,151,4406,750,4918,1262,Animal,Ringed Seal
89674,20160517212040.668GMT,CHESS_FL23_P_160517_212040.668_THERM-16BIT.PNG,CHESS_FL23_P_160517_212040.668_THERM-8-BIT.JPG,CHESS_FL23_P_160517_212040.668_COLOR-8-BIT.JPG,542,77,5351,-5,5863,507,Animal,Ringed Seal
89675,20160517212045.777GMT,CHESS_FL23_P_160517_212045.777_THERM-16BIT.PNG,CHESS_FL23_P_160517_212045.777_THERM-8-BIT.JPG,CHESS_FL23_P_160517_212045.777_COLOR-8-BIT.JPG,31,345,-30,2610,482,3122,Animal,Ringed Seal
89679,20160517212120.546GMT,CHESS_FL23_P_160517_212120.546_THERM-16BIT.PNG,CHESS_FL23_P_160517_212120.546_THERM-8-BIT.JPG,CHESS_FL23_P_160517_212121.263_COLOR-8-BIT.JPG,24,82,-128,3214,384,3726,Animal,Ringed Seal
89678,20160517212120.546GMT,CHESS_FL23_P_160517_212120.546_THERM-16BIT.PNG,CHESS_FL23_P_160517_212120.546_THERM-8-BIT.JPG,CHESS_FL23_P_160517_212121.263_COLOR-8-BIT.JPG,340,48,3279,2644,3791,3156,Animal,Ringed Seal
89720,20160517212441.645GMT,CHESS_FL23_P_160517_212441.645_THERM-16BIT.PNG,CHESS_FL23_P_160517_212441.645_THERM-8-BIT.JPG,CHESS_FL23_P_160517_212441.645_COLOR-8-BIT.JPG,54,74,218,18,730,530,Animal,Ringed Seal
89719,20160517212441.645GMT,CHESS_FL23_P_160517_212441.645_THERM-16BIT.PNG,CHESS_FL23_P_160517_212441.645_THERM-8-BIT.JPG,CHESS_FL23_P_160517_212441.645_COLOR-8-BIT.JPG,69,115,353,484,865,996,Animal,Ringed Seal
89795,20160517213305.197GMT,CHESS_FL23_P_160517_213305.197_THERM-16BIT.PNG,CHESS_FL23_P_160517_213305.197_THERM-8-BIT.JPG,CHESS_FL23_P_160517_213305.197_COLOR-8-BIT.JPG,498,215,4967,1336,5479,1848,Animal,Ringed Seal
89803,20160517213338.237GMT,CHESS_FL23_P_160517_213338.237_THERM-16BIT.PNG,CHESS_FL23_P_160517_213338.237_THERM-8-BIT.JPG,CHESS_FL23_P_160517_213338.237_COLOR-8-BIT.JPG,546,217,5514,1294,6026,1806,Animal,Ringed Seal
89810,20160517213451.766GMT,CHESS_FL23_P_160517_213451.766_THERM-16BIT.PNG,CHESS_FL23_P_160517_213451.766_THERM-8-BIT.JPG,CHESS_FL23_P_160517_213451.766_COLOR-8-BIT.JPG,127,139,1007,585,1519,1097,Animal,Ringed Seal
89861,20160517213945.914GMT,CHESS_FL23_P_160517_213945.914_THERM-16BIT.PNG,CHESS_FL23_P_160517_213945.914_THERM-8-BIT.JPG,CHESS_FL23_P_160517_213945.914_COLOR-8-BIT.JPG,393,162,3842,806,4354,1318,Animal,Ringed Seal
89900,20160517214240.301GMT,CHESS_FL23_P_160517_214240.301_THERM-16BIT.PNG,CHESS_FL23_P_160517_214240.301_THERM-8-BIT.JPG,CHESS_FL23_P_160517_214240.301_COLOR-8-BIT.JPG,338,173,3315,948,3827,1460,Animal,Ringed Seal
89952,20160517220418.739GMT,CHESS_FL23_P_160517_220418.739_THERM-16BIT.PNG,CHESS_FL23_P_160517_220418.739_THERM-8-BIT.JPG,CHESS_FL23_P_160517_220418.739_COLOR-8-BIT.JPG,375,259,3692,1848,4204,2360,Animal,Bearded Seal
90104,20160517223546.403GMT,CHESS_FL23_P_160517_223546.403_THERM-16BIT.PNG,CHESS_FL23_P_160517_223546.403_THERM-8-BIT.JPG,CHESS_FL23_P_160517_223547.267_COLOR-8-BIT.JPG,390,8,3714,2183,4226,2695,Animal,Ringed Seal
90158,20160517225644.648GMT,CHESS_FL23_P_160517_225644.648_THERM-16BIT.PNG,CHESS_FL23_P_160517_225644.648_THERM-8-BIT.JPG,CHESS_FL23_P_160517_225644.648_COLOR-8-BIT.JPG,562,309,5579,2255,6091,2767,Animal,Bearded Seal
90591,20160517231645.265GMT,CHESS_FL23_P_160517_231645.265_THERM-16BIT.PNG,CHESS_FL23_P_160517_231645.265_THERM-8-BIT.JPG,CHESS_FL23_P_160517_231645.265_COLOR-8-BIT.JPG,459,151,4540,672,5052,1184,Animal,Ringed Seal
90800,20160517234506.731GMT,CHESS_FL23_P_160517_234506.731_THERM-16BIT.PNG,CHESS_FL23_P_160517_234506.731_THERM-8-BIT.JPG,CHESS_FL23_P_160517_234506.731_COLOR-8-BIT.JPG,84,285,505,2023,1017,2535,Animal,Ringed Seal
91001,20160517235325.467GMT,CHESS_FL23_P_160517_235325.467_THERM-16BIT.PNG,CHESS_FL23_P_160517_235325.467_THERM-8-BIT.JPG,CHESS_FL23_P_160517_235325.467_COLOR-8-BIT.JPG,496,198,4998,1152,5510,1664,Animal,Bearded Seal
91741,20160518005927.896GMT,CHESS_FL23_P_160518_005927.896_THERM-16BIT.PNG,CHESS_FL23_P_160518_005927.896_THERM-8-BIT.JPG,CHESS_FL23_P_160518_005927.896_COLOR-8-BIT.JPG,175,197,1500,1166,2012,1678,Animal,Ringed Seal
92231,20160518012759.674GMT,CHESS_FL23_P_160518_012759.674_THERM-16BIT.PNG,CHESS_FL23_P_160518_012759.674_THERM-8-BIT.JPG,CHESS_FL23_P_160518_012759.674_COLOR-8-BIT.JPG,132,296,1032,2120,1544,2632,Animal,Ringed Seal
194795,20160517205737.414GMT,CHESS_FL23_S_160517_205737.414_THERM-16BIT.PNG,CHESS_FL23_S_160517_205737.414_THERM-8-BIT.JPG,CHESS_FL23_S_160517_205737.414_COLOR-8-BIT.JPG,358,130,3277,511,3789,1023,Animal,Ringed Seal
194809,20160517205927.954GMT,CHESS_FL23_S_160517_205927.954_THERM-16BIT.PNG,CHESS_FL23_S_160517_205927.954_THERM-8-BIT.JPG,CHESS_FL23_S_160517_205927.954_COLOR-8-BIT.JPG,518,311,5030,2787,5542,3299,Animal,Ringed Seal
195072,20160517212134.596GMT,CHESS_FL23_S_160517_212134.596_THERM-16BIT.PNG,CHESS_FL23_S_160517_212134.596_THERM-8-BIT.JPG,CHESS_FL23_S_160517_212134.596_COLOR-8-BIT.JPG,224,310,1873,2675,2385,3187,Animal,Ringed Seal
195073,20160517212134.596GMT,CHESS_FL23_S_160517_212134.596_THERM-16BIT.PNG,CHESS_FL23_S_160517_212134.596_THERM-8-BIT.JPG,CHESS_FL23_S_160517_212134.596_COLOR-8-BIT.JPG,194,304,1558,2560,2070,3072,Animal,Ringed Seal
195074,20160517212134.596GMT,CHESS_FL23_S_160517_212134.596_THERM-16BIT.PNG,CHESS_FL23_S_160517_212134.596_THERM-8-BIT.JPG,CHESS_FL23_S_160517_212134.596_COLOR-8-BIT.JPG,176,305,1465,2707,1977,3219,Animal,Ringed Seal
195097,20160517212424.388GMT,CHESS_FL23_S_160517_212424.388_THERM-16BIT.PNG,CHESS_FL23_S_160517_212424.388_THERM-8-BIT.JPG,CHESS_FL23_S_160517_212424.388_COLOR-8-BIT.JPG,443,24,4389,-140,4901,372,Animal,Ringed Seal
195550,20160517221858.059GMT,CHESS_FL23_S_160517_221858.059_THERM-16BIT.PNG,CHESS_FL23_S_160517_221858.059_THERM-8-BIT.JPG,CHESS_FL23_S_160517_221858.059_COLOR-8-BIT.JPG,371,303,3489,2618,4001,3130,Animal,Ringed Seal
195624,20160517222949.749GMT,CHESS_FL23_S_160517_222949.749_THERM-16BIT.PNG,CHESS_FL23_S_160517_222949.749_THERM-8-BIT.JPG,CHESS_FL23_S_160517_222949.749_COLOR-8-BIT.JPG,550,261,5492,2371,6004,2883,Animal,Bearded Seal
195689,20160517224753.711GMT,CHESS_FL23_S_160517_224753.711_THERM-16BIT.PNG,CHESS_FL23_S_160517_224753.711_THERM-8-BIT.JPG,CHESS_FL23_S_160517_224753.711_COLOR-8-BIT.JPG,77,218,295,1776,807,2288,Animal,Ringed Seal
195734,20160517225411.990GMT,CHESS_FL23_S_160517_225411.990_THERM-16BIT.PNG,CHESS_FL23_S_160517_225411.990_THERM-8-BIT.JPG,CHESS_FL23_S_160517_225411.990_COLOR-8-BIT.JPG,473,262,4447,2110,4959,2622,Animal,Ringed Seal
195735,20160517225411.990GMT,CHESS_FL23_S_160517_225411.990_THERM-16BIT.PNG,CHESS_FL23_S_160517_225411.990_THERM-8-BIT.JPG,CHESS_FL23_S_160517_225411.990_COLOR-8-BIT.JPG,585,150,5656,851,6168,1363,Animal,Ringed Seal
195783,20160517225634.959GMT,CHESS_FL23_S_160517_225634.959_THERM-16BIT.PNG,CHESS_FL23_S_160517_225634.959_THERM-8-BIT.JPG,CHESS_FL23_S_160517_225634.959_COLOR-8-BIT.JPG,185,164,1442,1297,1954,1809,Animal,Ringed Seal
92640,20160517234531.759GMT,CHESS_FL23_S_160517_234531.759_THERM-16BIT.PNG,CHESS_FL23_S_160517_234531.759_THERM-8-BIT.JPG,CHESS_FL23_S_160517_234531.759_COLOR-8-BIT.JPG,70,206,107,1290,619,1802,Animal,Bearded Seal
92644,20160517234531.759GMT,CHESS_FL23_S_160517_234531.759_THERM-16BIT.PNG,CHESS_FL23_S_160517_234531.759_THERM-8-BIT.JPG,CHESS_FL23_S_160517_234531.759_COLOR-8-BIT.JPG,71,224,121,1488,633,2000,Animal,Bearded Seal
92643,20160517234531.759GMT,CHESS_FL23_S_160517_234531.759_THERM-16BIT.PNG,CHESS_FL23_S_160517_234531.759_THERM-8-BIT.JPG,CHESS_FL23_S_160517_234531.759_COLOR-8-BIT.JPG,57,273,-24,2023,488,2535,Animal,Bearded Seal
92641,20160517234531.759GMT,CHESS_FL23_S_160517_234531.759_THERM-16BIT.PNG,CHESS_FL23_S_160517_234531.759_THERM-8-BIT.JPG,CHESS_FL23_S_160517_234531.759_COLOR-8-BIT.JPG,42,174,3965,4298,4477,4810,Animal,Bearded Seal
92642,20160517234531.759GMT,CHESS_FL23_S_160517_234531.759_THERM-16BIT.PNG,CHESS_FL23_S_160517_234531.759_THERM-8-BIT.JPG,CHESS_FL23_S_160517_234531.759_COLOR-8-BIT.JPG,46,201,-155,1253,357,1765,Animal,Bearded Seal
92651,20160517234544.411GMT,CHESS_FL23_S_160517_234544.411_THERM-16BIT.PNG,CHESS_FL23_S_160517_234544.411_THERM-8-BIT.JPG,CHESS_FL23_S_160517_234544.411_COLOR-8-BIT.JPG,0,0,4370,2016,4882,2528,Animal,Ringed Seal
92650,20160517234544.411GMT,CHESS_FL23_S_160517_234544.411_THERM-16BIT.PNG,CHESS_FL23_S_160517_234544.411_THERM-8-BIT.JPG,CHESS_FL23_S_160517_234544.411_COLOR-8-BIT.JPG,322,218,2912,1520,3424,2032,Animal,Ringed Seal
92730,20160517234858.911GMT,CHESS_FL23_S_160517_234858.911_THERM-16BIT.PNG,CHESS_FL23_S_160517_234858.911_THERM-8-BIT.JPG,CHESS_FL23_S_160517_234858.911_COLOR-8-BIT.JPG,286,210,2564,1706,3076,2218,Animal,Bearded Seal
92839,20160517235125.480GMT,CHESS_FL23_S_160517_235125.480_THERM-16BIT.PNG,CHESS_FL23_S_160517_235125.480_THERM-8-BIT.JPG,CHESS_FL23_S_160517_235125.480_COLOR-8-BIT.JPG,260,264,2356,1776,2868,2288,Animal,Ringed Seal
92932,20160517235522.303GMT,CHESS_FL23_S_160517_235522.303_THERM-16BIT.PNG,CHESS_FL23_S_160517_235522.303_THERM-8-BIT.JPG,CHESS_FL23_S_160517_235523.148_COLOR-8-BIT.JPG,442,62,3852,2821,4364,3333,Animal,Ringed Seal
93080,20160518000104.483GMT,CHESS_FL23_S_160518_000104.483_THERM-16BIT.PNG,CHESS_FL23_S_160518_000104.483_THERM-8-BIT.JPG,CHESS_FL23_S_160518_000104.483_COLOR-8-BIT.JPG,121,67,866,97,1378,609,Animal,Ringed Seal
93353,20160518002255.468GMT,CHESS_FL23_S_160518_002255.468_THERM-16BIT.PNG,CHESS_FL23_S_160518_002255.468_THERM-8-BIT.JPG,CHESS_FL23_S_160518_002255.468_COLOR-8-BIT.JPG,408,413,3968,3318,4480,3830,Animal,Ringed Seal
93476,20160518003340.552GMT,CHESS_FL23_S_160518_003340.552_THERM-16BIT.PNG,CHESS_FL23_S_160518_003340.552_THERM-8-BIT.JPG,CHESS_FL23_S_160518_003341.330_COLOR-8-BIT.JPG,159,13,1258,2056,1770,2568,Animal,Ringed Seal
93540,20160518004345.341GMT,CHESS_FL23_S_160518_004345.341_THERM-16BIT.PNG,CHESS_FL23_S_160518_004345.341_THERM-8-BIT.JPG,CHESS_FL23_S_160518_004345.341_COLOR-8-BIT.JPG,440,118,4054,624,4566,1136,Animal,Ringed Seal
93601,20160518005418.707GMT,CHESS_FL23_S_160518_005418.707_THERM-16BIT.PNG,CHESS_FL23_S_160518_005418.707_THERM-8-BIT.JPG,CHESS_FL23_S_160518_005418.707_COLOR-8-BIT.JPG,607,433,5995,3736,6507,4248,Animal,Ringed Seal
93635,20160518005608.125GMT,CHESS_FL23_S_160518_005608.125_THERM-16BIT.PNG,CHESS_FL23_S_160518_005608.125_THERM-8-BIT.JPG,CHESS_FL23_S_160518_005608.125_COLOR-8-BIT.JPG,625,123,6075,621,6587,1133,Animal,Ringed Seal
93850,20160518010407.879GMT,CHESS_FL23_S_160518_010407.879_THERM-16BIT.PNG,CHESS_FL23_S_160518_010407.879_THERM-8-BIT.JPG,CHESS_FL23_S_160518_010407.879_COLOR-8-BIT.JPG,553,250,5216,1747,5728,2259,Animal,Ringed Seal
93874,20160518010540.183GMT,CHESS_FL23_S_160518_010540.183_THERM-16BIT.PNG,CHESS_FL23_S_160518_010540.183_THERM-8-BIT.JPG,CHESS_FL23_S_160518_010540.183_COLOR-8-BIT.JPG,430,148,3876,969,4388,1481,Animal,Bearded Seal
93977,20160518010935.448GMT,CHESS_FL23_S_160518_010935.448_THERM-16BIT.PNG,CHESS_FL23_S_160518_010935.448_THERM-8-BIT.JPG,CHESS_FL23_S_160518_010935.448_COLOR-8-BIT.JPG,252,305,2280,2427,2792,2939,Animal,Ringed Seal
200679,20160518212252.925GMT,CHESS_FL24_C_160518_212252.925_THERM-16BIT.PNG,CHESS_FL24_C_160518_212252.925_THERM-8-BIT.JPG,CHESS_FL24_C_160518_212252.925_COLOR-8-BIT.JPG,169,422,1130,3498,1642,4010,Animal,Ringed Seal
200920,20160518214740.603GMT,CHESS_FL24_C_160518_214740.603_THERM-16BIT.PNG,CHESS_FL24_C_160518_214740.603_THERM-8-BIT.JPG,CHESS_FL24_C_160518_214741.381_COLOR-8-BIT.JPG,424,25,5521,2182,6033,2694,Animal,Ringed Seal
200921,20160518214740.603GMT,CHESS_FL24_C_160518_214740.603_THERM-16BIT.PNG,CHESS_FL24_C_160518_214740.603_THERM-8-BIT.JPG,CHESS_FL24_C_160518_214741.381_COLOR-8-BIT.JPG,64,27,1652,2196,2164,2708,Animal,Ringed Seal
201011,20160518220547.688GMT,CHESS_FL24_C_160518_220547.688_THERM-16BIT.PNG,CHESS_FL24_C_160518_220547.688_THERM-8-BIT.JPG,CHESS_FL24_C_160518_220547.688_COLOR-8-BIT.JPG,567,118,5347,19,5859,531,Animal,Ringed Seal
201310,20160518215508.004GMT,CHESS_FL24_P_160518_215508.004_THERM-16BIT.PNG,CHESS_FL24_P_160518_215508.004_THERM-8-BIT.JPG,CHESS_FL24_P_160518_215508.004_COLOR-8-BIT.JPG,268,423,2458,3489,2970,4001,Animal,Bearded Seal
199416,20160518213252.750GMT,CHESS_FL24_S_160518_213252.750_THERM-16BIT.PNG,CHESS_FL24_S_160518_213252.750_THERM-8-BIT.JPG,CHESS_FL24_S_160518_213253.520_COLOR-8-BIT.JPG,215,29,1861,2519,2373,3031,Animal,Ringed Seal
199702,20160518220107.018GMT,CHESS_FL24_S_160518_220107.018_THERM-16BIT.PNG,CHESS_FL24_S_160518_220107.018_THERM-8-BIT.JPG,CHESS_FL24_S_160518_220107.018_COLOR-8-BIT.JPG,144,266,1048,2200,1560,2712,Animal,Ringed Seal
199818,20160518221833.062GMT,CHESS_FL24_S_160518_221833.062_THERM-16BIT.PNG,CHESS_FL24_S_160518_221833.062_THERM-8-BIT.JPG,CHESS_FL24_S_160518_221833.062_COLOR-8-BIT.JPG,160,310,789,2806,1301,3318,Animal,Ringed Seal
199918,20160518222700.858GMT,CHESS_FL24_S_160518_222700.858_THERM-16BIT.PNG,CHESS_FL24_S_160518_222700.858_THERM-8-BIT.JPG,CHESS_FL24_S_160518_222701.570_COLOR-8-BIT.JPG,443,15,4069,2197,4581,2709,Animal,Bearded Seal
13460,20160527005919.856GMT,CHESS_FL25_C_160527_005919.856_THERM-16BIT.PNG,CHESS_FL25_C_160527_005919.856_THERM-8-BIT.JPG,CHESS_FL25_C_160527_005919.856_COLOR-8-BIT.JPG,405,371,3762,2292,4274,2804,Animal,Ringed Seal
204628,20160531235143.554GMT,CHESS_FL29_S_160531_235143.554_THERM-16BIT.PNG,CHESS_FL29_S_160531_235143.554_THERM-8-BIT.JPG,CHESS_FL29_S_160531_235143.554_COLOR-8-BIT.JPG,85,322,224,2754,736,3266,Animal,Bearded Seal
133729,20160410213757.270GMT,CHESS_FL4_P_160410_213757.270_THERM-16BIT.PNG,CHESS_FL4_P_160410_213757.270_THERM-8-BIT.JPG,CHESS_FL4_P_160410_213757.900_COLOR-8-BIT.JPG,320,112,2908,2603,3420,3115,Animal,Ringed Seal
136010,20160410220935.852GMT,CHESS_FL4_P_160410_220935.852_THERM-16BIT.PNG,CHESS_FL4_P_160410_220935.852_THERM-8-BIT.JPG,CHESS_FL4_P_160410_220936.368_COLOR-8-BIT.JPG,162,50,1078,697,1590,1209,Animal,Ringed Seal
291572,20160415202946.924GMT,CHESS_FL8_P_160415_202946.924_THERM-16BIT.PNG,CHESS_FL8_P_160415_202946.924_THERM-8-BIT.JPG,CHESS_FL8_P_160415_202947.784_COLOR-8-BIT.JPG,226,72,1398,1892,1910,2404,Animal,Ringed Seal
37492,20160415205025.500GMT,CHESS_FL8_S_160415_205025.500_THERM-16BIT.PNG,CHESS_FL8_S_160415_205025.500_THERM-8-BIT.JPG,CHESS_FL8_S_160415_205025.500_COLOR-8-BIT.JPG,168,111,1360,572,1872,1084,Animal,Bearded Seal
37493,20160415205025.500GMT,CHESS_FL8_S_160415_205025.500_THERM-16BIT.PNG,CHESS_FL8_S_160415_205025.500_THERM-8-BIT.JPG,CHESS_FL8_S_160415_205025.500_COLOR-8-BIT.JPG,166,57,1339,28,1851,540,Animal,Bearded Seal
